Name,Description,Unit,Amount,Date of expiry
Milk,Whole milk 1L carton,liter,1.0,2026-09-29
Eggs,Free-range eggs 12-pack,piece,12.0,2026-10-05
Chicken breast,Fresh skinless chicken,kg,0.75,2026-09-28
Yogurt,Greek yogurt plain 500g,g,500.0,2026-10-02
Spinach,Fresh baby spinach,g,250.0,2026-09-28
Cheddar cheese,Aged cheddar block,g,400.0,2026-11-15
Salmon fillet,Atlantic salmon,kg,0.5,2026-09-30
Bread,Sourdough loaf,g,800.0,2026-09-27
Orange juice,Fresh squeezed 1L,liter,1.0,2026-10-01
Butter,Unsalted butter 250g,g,250.0,2026-12-10
name,desc,g,10.0,2018-08-23
AAAA,a,g,423.0,2018-10-24
